name,qrtr,date,industry,EV/EBITDA,ROIC,Operating Margins,Leverage,Net Income,Earnings Per Share,Free Cash Flow,Revenue,EV/EBITDA_avg_8,EV/EBITDA_avg_4,EV/EBITDA_stdev_8,EV/EBITDA_stdev_4,EV/EBITDA_grth_8,EV/EBITDA_grth_4,ROIC_avg_8,ROIC_avg_4,ROIC_stdev_8,ROIC_stdev_4,ROIC_grth_8,ROIC_grth_4,Operating Margins_avg_8,Operating Margins_avg_4,Operating Margins_stdev_8,Operating Margins_stdev_4,Operating Margins_grth_8,Operating Margins_grth_4,Leverage_avg_8,Leverage_avg_4,Leverage_stdev_8,Leverage_stdev_4,Leverage_grth_8,Leverage_grth_4,Net Income_avg_8,Net Income_avg_4,Net Income_stdev_8,Net Income_stdev_4,Net Income_grth_8,Net Income_grth_4,Earnings Per Share_avg_8,Earnings Per Share_avg_4,Earnings Per Share_stdev_8,Earnings Per Share_stdev_4,Earnings Per Share_grth_8,Earnings Per Share_grth_4,Free Cash Flow_avg_8,Free Cash Flow_avg_4,Free Cash Flow_stdev_8,Free Cash Flow_stdev_4,Free Cash Flow_grth_8,Free Cash Flow_grth_4,Revenue_avg_8,Revenue_avg_4,Revenue_stdev_8,Revenue_stdev_4,Revenue_grth_8,Revenue_grth_4,fwd_rtn_8,fwd_rtn_1,fwd_rtn_2,fwd_rtn_4
GENERAL ELECTRIC CO,1991-1,4/15/1991,CONGLOMERATES,39.36520046,0.019157357,0.245604688,7.202607502,999,-0.92,847.4138614,13139,35.02657716,35.79671761,2.463740022,2.547089897,0.148356547,0.160218802,0.022750197,0.021798977,0.001992693,0.001930198,-0.154716924,-0.251101985,0.224712414,0.228180639,0.013828178,0.016130301,0.044249552,0.078352785,6.531081051,6.898389895,0.450741213,0.337530635,0.093028741,0.160111575,1049,1088,108.6093919,107.3405795,0.015779763,-0.107553637,0.914999998,0.719999998,0.751968844,1.098969213,(-1.2030387427798208+0.8895708555187641j),(-1.3431947748159994-0.5944307868734701j),-829.1894275,-1142.666385,1438.810161,1706.06959,0.081289483,5.417377097,14126.25,14592.5,1577.828503,1652.117934,-0.012481769,-0.099546407,1.35386287,1.07016158,1.010651919,1.118945245
GENERAL ELECTRIC CO,1991-2,7/17/1991,CONGLOMERATES,40.37708909,0.019484762,0.224025752,7.076940342,1131,1.299999997,309.1858513,14601,36.21103831,37.08764833,2.474943244,3.338487498,0.090890472,0.29188075,0.021972192,0.020720967,0.001884644,0.001622021,-0.083125591,-0.155026253,0.224255355,0.226163298,0.013776325,0.015981459,-0.001824281,-0.025040571,6.645159826,7.056775588,0.460047081,0.148659484,0.082721416,0.044500012,1068.875,1098.75,107.0426317,109.4725993,0.108125698,0.138728855,0.942499998,0.739999998,0.762809655,1.111755367,0.13599691,0.16407372,-882.927398,-961.1102055,1378.639066,1842.236808,0.688448728,1.786539004,14272.5,14689.25,1558.282113,1633.794025,0.076782032,0.052628285,1.368083805,0.944391892,1.048326048,1.080783248
GENERAL ELECTRIC CO,1991-3,10/15/1991,CONGLOMERATES,43.1229768,0.017123238,0.216305108,8.091334447,1042,1.199999999,-603.9855738,14290,37.26702018,39.53813947,3.36733216,3.24830782,0.134130875,0.306533479,0.021277533,0.019474608,0.002507514,0.002057274,-0.186829413,-0.289781097,0.22320065,0.223157725,0.014053874,0.016558863,0.037281287,0.062465313,6.886823836,7.367213193,0.640134963,0.485865753,0.17039688,0.190825023,1081,1102.75,95.92258784,106.1708529,-0.065431237,-0.206168094,0.962499998,0.749999999,0.76781229,1.116960159,-0.02749503,-0.201042148,-881.2746312,-618.9721903,1379.011004,1714.431708,0.369012897,1.190511241,14455.25,14749.25,1446.387001,1606.67449,-0.060868095,-0.204629354,1.460062626,1.110054054,1.107151952,1.159877636
GENERAL ELECTRIC CO,1991-4,1/22/1992,CONGLOMERATES,40.67036155,0.019574302,0.199780967,7.759950191,1263,1.43,-920.9588889,17349,38.02609341,40.88390697,3.364113345,1.593985486,0.057963167,0.044449439,0.020650503,0.018834915,0.002164423,0.001155105,-0.060319017,0.029123717,0.222812769,0.221429129,0.014721664,0.019027161,-0.076573522,-0.240682729,7.088842502,7.532708121,0.627031961,0.476232792,0.137988947,0.104482688,1092.25,1108.75,112.1577333,116.6029588,0.176722724,0.367048166,0.983749999,0.752499999,0.779485865,1.118969019,0.186596207,4.424335798,-713.9899814,-92.08618749,1264.381457,815.0154452,(-1.9362774010003267+4.102099319605928j),(-1.5586797260006844-0.9676616705918434j),14630.125,14844.75,1712.938531,1784.004181,0.209831224,0.448603441,1.447421509,0.997385621,1.030960978,1.149572614
GENERAL ELECTRIC CO,1992-1,4/13/1992,CONGLOMERATES,88.85692351,0.006931038,0.117690178,8.512288822,964,1.219999999,-4032.816901,12278,44.52677767,53.25683774,18.21907612,23.7653007,0.697090445,1.86247491,0.018788656,0.015778335,0.005235915,0.006006397,-0.50583258,-0.74795917,0.20881557,0.189450501,0.03955735,0.048897445,-0.321623212,-0.576106881,7.379259173,7.860128451,0.685966632,0.60613218,0.172475211,0.279188133,1094,1100,109.7034965,128.3095216,-0.06680938,-0.191861299,1.003749999,1.287499999,0.783762673,0.104363148,0,-0.081197915,-1227.405131,-1312.143878,1667.965024,1887.263069,(-1.7128073803737394+3.1230131870289366j),(-16.35165473995546-26.589845989858404j),14611,14629.5,1741.613538,2084.970423,-0.080263101,-0.206293316,1.393720418,1.033663366,1.047622807,1.209945595
GENERAL ELECTRIC CO,1992-2,7/15/1992,CONGLOMERATES,82.93834319,0.007843041,0.12264016,8.542549355,1130,1.409999996,-2203.582746,13984,50.4923998,63.89715126,22.12801294,25.53825435,0.683863775,1.391821857,0.016794436,0.012867905,0.006033398,0.006418184,-0.446888782,-0.646926742,0.195133701,0.164104103,0.048314746,0.051222699,-0.298937146,-0.530731672,7.641653146,8.226530704,0.678280798,0.373050887,0.134523023,0.075036291,1099.25,1099.75,110.3782458,128.2299367,0.056721683,0.11416018,1.027499998,1.314999999,0.794062789,0.121792172,0.1179823,0.239891895,-1450.723117,-1940.336028,1663.559571,1556.998965,-0.068712853,(-1.9736163241925442-1.686352940579936j),14582.25,14475.25,1750.976523,2110.449458,-0.002686999,-0.028449047,0.638367339,1.013504823,1.115049588,1.265826248
GENERAL ELECTRIC CO,1992-3,10/16/1992,CONGLOMERATES,97.1073383,0.005873808,0.096263956,8.848592632,996,1.289999999,-3423.177763,13972,58.46569056,77.39324164,26.17810348,25.16200629,0.783278901,2.191283275,0.014765078,0.010055547,0.006685655,0.00639665,-0.53141603,-0.799100939,0.17862577,0.134093815,0.057113313,0.045262809,-0.353807795,-0.622242762,7.891529221,8.41584525,0.712167606,0.462898087,0.134249454,0.191297848,1095.5,1088.25,113.6825153,136.9047723,-0.117282508,-0.271424353,1.043749999,1.337499999,0.798479581,0.099791449,-0.053387556,-0.128357836,-1632.053133,-2645.134075,1801.874241,1378.255329,-0.076688507,(-2.027986442055971-1.7805247471328987j),14572.5,14395.75,1754.577116,2125.688339,-0.105043329,-0.250717643,0.654988077,1.100191693,1.154943923,1.258807465
GENERAL ELECTRIC CO,1992-4,1/21/1993,CONGLOMERATES,78.83104536,0.00826663,0.109413965,8.221833838,1215,1.529999997,-4519.95702,16040,63.90865978,86.93341259,25.17809109,7.933422816,0.487079483,-0.147538676,0.013031772,0.007228629,0.006288238,0.001061296,-0.381379228,0.264853582,0.166465597,0.111502065,0.060536798,0.011531262,-0.370008171,-0.092646083,8.032012141,8.531316162,0.640508832,0.25621078,0.078561993,-0.045235067,1092.5,1076.25,109.5979666,117.161925,0.118349619,0.361441523,1.057499998,1.362499998,0.806788164,0.136473439,1.099884802,0.352411327,-1818.484898,-3544.883608,2029.747273,1000.45779,(-1.579190704948211+2.537600281873411j),-0.157724467,14456.625,14068.5,1597.421846,1539.388948,0.12075257,0.42813407,0.635359174,1.049766082,1.135219691,1.259095329
